,0
paintings-thmbnls150-bb.jpg,"('Standing Model', 1901)"
paintings-thmbnls150-ar.jpg,"('Self Portrait', 1900)"
paintings-thmbnls150-ba.jpg,"('Male Model', 1900)"
paintings-orient_99_thmb.jpg,"('Vase with Fruit', 1901)"
paintings-thmbnls150-glimpse.jpg,"('Glimpse of Notre Dame', 1902)"
paintings-thmbnls150-bd.jpg,"('Nude with a White Wash Towel', 1903)"
paintings-thmbnls150-bc.jpg,"('Carmelina', 1903)"
paintings-thmbnls150-bh.jpg,"('Study for ""Luxury, Calm and Desire""', 1904)"
paintings-thmbnls150-cs.jpg,"('The Green Line (Portrait of Madame Matisse)', 1905)"
paintings-orient_107_thmb.jpg,"('La Moulade (Collioure in the Summer)', 1905)"
paintings-thmbnls150-bj.jpg,"('Open Window at Collioure', 1905)"
paintings-thmbnls150-dr.jpg,"('Woman with a Hat (Madame Matisse)', 1905)"
paintings-thmbnls150-bg.jpg,"('Pastoral', 1905)"
paintings-thmbnls150-bf.jpg,"('View of Collioure (The Tower)', 1905)"
paintings-thmbnls150-zd.jpg,"('Blue Nude', 1905)"
paintings-thmbnls150-bi.jpg,"('Portrait of Andre Derian', 1905)"
paintings-thmbnls150-hma308.jpg,"('Woman with a Parasol', 1905)"
paintings-thmbnls150-zq.jpg,"('Le bonheur de vivre (The Joy of Life)', 1906)"
paintings-thmbnls150-by.jpg,"('Marguerite Reading', 1906)"
paintings-orient_109_thmb.jpg,"('La Moulade36 x 28 cm.', 1906)"
paintings-orient_108_thmb.jpg,"('By the Sea 24.5 x 32.4 cm.', 1905)"
paintings-thmbnls150-gk.jpg,"('Interior at Collioure', 1906)"
paintings-thmbnls150-zc.jpg,"('Marguerite', 1906)"
paintings-thmbnls150-zb.jpg,"('Marguerite', 1906)"
paintings-thmbnls150-ds.jpg,"('The Sailor II', 1906)"
paintings-orient_113_thmb.jpg,"('Street at Biskra', 1906)"
paintings-thmbnls150-self.jpg,"('Self Portrait', 1906)"
paintings-orient_111_thmb.jpg,"('Woman on A Terrace', 1907)"
paintings-thmbnls150-bu.jpg,"('Portrait of Marguerite', 1907)"
paintings-thmbnls150-du.jpg,"('Music', 1907)"
paintings-thmbnls150-hma313.jpg,"('The Riverbank', 1907)"
paintings-orient_118_thmb.jpg,"('Still Life with Flowers', 1907)"
paintings-thmbnls150-dt.jpg,"('Luxury I', 1907)"
paintings-thmbnls150-ab.jpg,"('The Red Room (Harmony in Red)', 1908)"
paintings-thmbnls150-aa.jpg,"('Game of Bowls', 1908)"
paintings-orient_127_thmb.jpg,"('Sculpture and Persian Vase', 1908)"
paintings-thmbnls150-dv.jpg,"('Bathers with a Turtle', 1908)"
paintings-thmbnls150-dx.jpg,"('Still Life with a Blue Tableclothe', 1909)"
paintings-orient_123_thmb.jpg,"('Portrait of Pierre Matisse', 1909)"
paintings-thmbnls150-cb.jpg,"('Woman in Green', 1909)"
paintings-orient_129_thmb.jpg,"('Rose Nude', 1909)"
paintings-thmbnls150--aq.jpg,"('Pink Statuette and Jug on a Red Chest of Drawers', 1910)"
paintings-thmbnls150-goldfish.jpg,"('The Goldfish', 1910)"
paintings-thmbnls150-stilllifea_sm.jpg,"('Spanish Still Life', 1910)"
paintings-thmbnls150-ac.jpg,"('Pink Statuette and Jug on a Red Chest of Drawers', 1910)"
paintings-thmbnls150-bv.jpg,"('Marguerite with a Black Cat', 1910)"
paintings-thmbnls150-stilllifeb_sm.jpg,"('Seville Still Life', 1911)"
paintings-thmbnls150-eb.jpg,"('Goldfish with Scupture', 1911)"
paintings-orient_47_thmb.jpg,"('Still Life with Eggplant', 1911)"
paintings-thmbnls150-ea.jpg,"('The Conversation', 1911)"
paintings-thmbnls150-hma322.jpg,"('The Blue Window', 1911)"
paintings-orient_159_thmb.jpg,"('Portrait of Olga Merson', 1911)"
paintings-thmbnls150-ec.jpg,"('Zorah Standing', 1912)"
paintings-thmbnls150-dy.jpg,"('Zorah Standing', 1912)"
paintings-orient_139_thmb.jpg,"('Vase with Iris', 1912)"
paintings-thmbnls150-ch.jpg,"('Moraccan Garden', 1912)"
paintings-orient_143_thmb.jpg,"('The Palm', 1912)"
paintings-thmbnls150-ed.jpg,"('The Marabout', 1912)"
paintings-orient_55_thmb.jpg,"('The Casbah Door', 1912)"
paintings-orient_145_thmb.jpg,"('Amido', 1912)"
paintings-thmbnls150-ee.jpg,"('Zorah on a Terrace', 1912)"
paintings-orient_59_thmb.jpg,"(""Moraccan Cafffe'"", 1913)"
paintings-orient_141_thmb.jpg,"('Calle', 1913)"
paintings-thmbnls150-ad.jpg,"(""Portrait of the Artist's Wife"", 1913)"
paintings-thmbnls150-en.jpg,"('Tete blance et rose', 1914)"
paintings-orient_179_thmb.jpg,"('Branch of Lillacs', 1914)"
paintings-thmbnls150-el.jpg,"('View of Notre-Dam', 1914)"
paintings-thmbnls150-eg.jpg,"('Window at Collioure', 1914)"
paintings-thmbnls150-hma96.jpg,"('Gold Fish', 1915)"
paintings-thmbnls150-cc.jpg,"('Laurette with a White Blouse', 1916)"
paintings-thmbnls150-ei.jpg,"('Moraccans', 1916)"
paintings-thmbnls150-pntng43sm.jpg,"('The Gourds', 1916)"
paintings-orient_150_thmb.jpg,"('Seated Riffian', 1916)"
paintings-thmbnls150-zx.jpg,"('The Piano Lesson', 1916)"
paintings-thmbnls150-gj.jpg,"('The Window', 1916)"
paintings-thmbnls150-q_84.jpg,"('Portrait of Saul Stein', 1916)"
paintings-orient_177_thmb.jpg,"('Cup of Oranges', 1916)"
paintings-thmbnls150-cd.jpg,"('Laurette with a Green Dress, Black Background', 1916)"
paintings-thmbnls150-q_85.jpg,"('Auguste Pellerin II', 1916)"
paintings-thmbnls150-eq.jpg,"('The Three Sisters', 1916)"
paintings-thmbnls150-eo.jpg,"('Greta Prozor', 1916)"
paintings-thmbnls150-er.jpg,"('The Black Table', 1916)"
paintings-thmbnls150-eh.jpg,"('Apples on a Table, Green Background', 1916)"
paintings-thmbnls150-ef.jpg,"('Bathers on the River', 1916)"
paintings-orient_187_thmb.jpg,"('Head of Lorette', 1917)"
paintings-thmbnls150-ep.jpg,"('Woman at the Fountain', 1917)"
paintings-thmbnls150-hma340.jpg,"('A Path in the Forest near Trivaux', 1917)"
paintings-thmbnls150-gl.jpg,"('The Windshield', 1917)"
paintings-orient_189_thmb.jpg,"('Aicha and Lorette', 1917)"
paintings-thmbnls150-hma97.jpg,"('The Painter and his Model', 1917)"
paintings-thmbnls150-zl.jpg,"('Self-Portrait', 1918)"
paintings-orient_185_thmb.jpg,"('Lorette with a Red Dress', 1917)"
paintings-thmbnls150-cj.jpg,"('Interior with a Violin', 1918)"
paintings-thmbnls150-es.jpg,"('The Bay of Nice', 1918)"
paintings-orient_186_thmb.jpg,"('Woman with Dark Hair', 1918)"
paintings-thmbnls150-zn.jpg,"('My Room at the Beau-Rivage', 1918)"
paintings-thmbnls150-ce.jpg,"('The White Plumes', 1919)"
paintings-thmbnls150-ev.jpg,"('Chair with Peaches', 1919)"
paintings-thmbnls150-eu.jpg,"('Woman with a Flowered Hat', 1919)"
paintings-orient_183_thmb.jpg,"('Woman with Oriental Dress', 1919)"
paintings-thmbnls150-et.jpg,"('The Artist and his Model', 1919)"
paintings-thmbnls150-ew.jpg,"('Greek Torso with Flowers', 1919)"
paintings-thmbnls150-cf.jpg,"('The Black Table', 1919)"
paintings-thmbnls150-ex.jpg,"('Girl with a Green Dress', 1921)"
paintings-thmbnls150-ez.jpg,"('Odalisque with Red Pants', 1921)"
paintings-thmbnls150-q_109.jpg,"('The Moorish Floor', 1922)"
paintings-thmbnls150-fd.jpg,"('The Hindu Pose', 1923)"
paintings-orient_193_thmb.jpg,"('Odalisque with a green Plant and Screen', 1923)"
paintings-orient_195_thmb.jpg,"('Odalisque', 1923)"
paintings-thmbnls150-ca.jpg,"('Moorish Woman with Upheld Arms', 1923)"
paintings-thmbnls150-fe.jpg,"('Odalisque with Magnolia', 1924)"
paintings-orient_191_thmb.jpg,"('Pianist and Checker Players', 1924)"
paintings-orient_199_thmb.jpg,"('Odalisque', 1925)"
paintings-thmbnls150-ff.jpg,"('Odalisque with a Tambourine', 1926)"
paintings-orient_84_thmb.jpg,"('Odalisque', 1926)"
paintings-orient_197_thmb.jpg,"('Odalisque', 1926)"
paintings-thmbnls150-fh.jpg,"('A Nude Lying on her Back', 1927)"
paintings-thmbnls150-fi.jpg,"('Odalisque with Gray Pants', 1927)"
paintings-thmbnls150-q_133.jpg,"('Persian with a Cross', 1929)"
paintings-thmbnls150-go.jpg,"('Tahiti Landscape', 1931)"
paintings-orient_211_thmb.jpg,"('Woman with a White Dress', 1934)"
paintings-thmbnls150-ey.jpg,"('Decorative Figure on an Ornamental Ground', 1934)"
paintings-thmbnls150-fk.jpg,"('Decorative Figure on an Ornamental Ground', 1934)"
paintings-thmbnls150-fl.jpg,"('The Dream', 1935)"
paintings-thmbnls150-fo.jpg,"('A Pink Nude Seated', 1935)"
paintings-thmbnls150-fj.jpg,"('An Nude Dtanding before an Open Door', 1936)"
paintings-thmbnls150-fm.jpg,"('A Nude with her Heel on her Knee', 1936)"
paintings-thmbnls150-fp.jpg,"('Woman on a Sofa, Yellow and Blue', 1936)"
paintings-thmbnls150-zp.jpg,"('Nude on a Blue Background', 1936)"
paintings-thmbnls150-bz.jpg,"('Woman in Blue / The Large Blue Robe and Mimosas', 1936)"
paintings-orient_213_thmb.jpg,"('Blue Dress Reflected in a Mirror', 1937)"
paintings-thmbnls150-de.jpg,"('Still Life with a Shell', 1940)"
paintings-thmbnls150-fr.jpg,"('Helen with a Precious Stone', 1937)"
paintings-thmbnls150-fq.jpg,"('The Arm', 1938)"
paintings-thmbnls150-q_152.jpg,"('Project for ""The Strana Forandola""', 1938)"
paintings-thmbnls150-fu.jpg,"('', 1939)"
paintings-thmbnls150-ft.jpg,"('The Romanian Green Bluse', 1939)"
paintings-thmbnls150-fs.jpg,"('Woman in Yellow and Blue with a Guitar', 1939)"
paintings-orient_214_thmb.jpg,"('The Daisies', 1939)"
paintings-thmbnls150-fw.jpg,"('Music', 1939)"
paintings-thmbnls150-ga.jpg,"('The Red Table', 1939)"
paintings-thmbnls150-dc.jpg,"('Young Girl with a Yellow Sofa', 1940)"
paintings-thmbnls150-gb.jpg,"('Interior with an Etruscan Vase', 1940)"
paintings-thmbnls150-dd.jpg,"('Still Life with Shellfish', 1940)"
paintings-thmbnls150-dg.jpg,"('Still Life with a Magnolia', 1941)"
paintings-thmbnls150-gc.jpg,"('Two Girls', 1941)"
paintings-thmbnls150-gi.jpg,"('Ivy in Flower', 1941)"
paintings-thmbnls150-df.jpg,"('Still Life with a Marble Table', 1941)"
paintings-thmbnls150-gd.jpg,"('Woman with a Veil', 1942)"
paintings-thmbnls150-gn.jpg,"('Woman on a Dark Background', 1942)"
paintings-thmbnls150-gm.jpg,"('The Dark Door', 1942)"
paintings-thmbnls150-fz.jpg,"('Young Girl in Rose', 1942)"
paintings-select-gp.jpg,"('A Study for The Armchair', 1942)"
paintings-thmbnls150-dh.jpg,"('Sunlit Interior', 1942)"
